dimension,example,p,mode,target,target_x_dofs,status,job_id,csv_path,outer_history_source,inner_history_source,outer_rows,inner_rows,inner_summary_rows,outer_effective_posteriori_rows,inner_g_difference_rows,inner_flux_reconstruction_ratio_rows,inner_reconstruction_flux_ratio_rows,inner_divergence_ratio_rows,configured_posteriori_final10_rate,configured_posteriori_final10_points,effective_posteriori_final10_rate,effective_posteriori_final10_points,effective_posteriori_squared_final10_rate,effective_posteriori_squared_final10_points,source_case_relpath
1d,boundary_singularity,p1,adaptive_force_effective_rho_no_inner_refinement,production_4M,4000000,completed,24332815,1d/boundary_singularity.csv,outer_history.csv,inner_history.csv,43,43,43,43,43,43,43,43,0.65874757798890438,10,0.51228010759912701,10,1.024560215198254,10,algorithm_data_ordered/1d/boundary_singularity/p1/production_4M/adaptive_force_effective_rho_no_inner_refinement
1d,boundary_singularity,p1,adaptive_g_effective_rho,production_4M,4000000,completed,24339160,1d/boundary_singularity.csv,outer_history.csv,inner_history.csv,41,68,41,41,68,68,68,68,0.55113334880640652,10,0.53790922133946073,10,1.0758184426789217,10,algorithm_data_ordered/1d/boundary_singularity/p1/production_4M/adaptive_g_effective_rho
1d,boundary_singularity,p1,uniform_standard,production_4M,4000000,completed,24332817,1d/boundary_singularity.csv,outer_history.csv,inner_history.csv,10,10,10,10,0,10,10,10,0.28272377020553557,10,0.28557156527377142,10,0.57114313054754284,10,algorithm_data_ordered/1d/boundary_singularity/p1/production_4M/uniform_standard
1d,boundary_singularity,p2,adaptive_force_effective_rho_no_inner_refinement,production_4M,4000000,completed,24332818,1d/boundary_singularity.csv,outer_history.csv,inner_history.csv,45,45,45,45,45,45,45,45,0.91224935493833104,10,0.89289011625380532,10,1.7857802325076106,10,algorithm_data_ordered/1d/boundary_singularity/p2/production_4M/adaptive_force_effective_rho_no_inner_refinement
1d,boundary_singularity,p2,adaptive_g_effective_rho,production_4M,4000000,completed,24332819,1d/boundary_singularity.csv,outer_history.csv,inner_history.csv,43,53,43,43,53,53,53,53,0.87939075216402429,10,0.84624577076896368,10,1.6924915415379274,10,algorithm_data_ordered/1d/boundary_singularity/p2/production_4M/adaptive_g_effective_rho
1d,boundary_singularity,p2,uniform_standard,production_4M,4000000,completed,24332820,1d/boundary_singularity.csv,outer_history.csv,inner_history.csv,9,9,9,9,0,9,9,9,0.27583861912328234,9,0.27667979385995223,9,0.55335958771990446,9,algorithm_data_ordered/1d/boundary_singularity/p2/production_4M/uniform_standard
1d,boundary_singularity,p3,adaptive_force_effective_rho_no_inner_refinement,production_4M,4000000,completed,24332821,1d/boundary_singularity.csv,outer_history.csv,inner_history.csv,45,45,45,45,45,45,45,45,0.91734751987099539,10,1.0010256329995599,10,2.0020512659991199,10,algorithm_data_ordered/1d/boundary_singularity/p3/production_4M/adaptive_force_effective_rho_no_inner_refinement
1d,boundary_singularity,p3,adaptive_g_effective_rho,production_4M,4000000,completed,24332822,1d/boundary_singularity.csv,outer_history.csv,inner_history.csv,45,59,45,45,59,59,59,59,0.93184877198196803,10,0.95860414965979823,10,1.9172082993195965,10,algorithm_data_ordered/1d/boundary_singularity/p3/production_4M/adaptive_g_effective_rho
1d,boundary_singularity,p3,uniform_standard,production_4M,4000000,completed,24332823,1d/boundary_singularity.csv,outer_history.csv,inner_history.csv,9,9,9,9,0,9,9,9,0.26420576799044593,9,0.26434624546559948,9,0.52869249093119897,9,algorithm_data_ordered/1d/boundary_singularity/p3/production_4M/uniform_standard
1d,boundary_singularity,p4,adaptive_force_effective_rho_no_inner_refinement,production_2M,2000000,completed,24339267,1d/boundary_singularity.csv,outer_history.csv,inner_history.csv,43,43,43,43,43,43,43,43,0.9841885936875937,10,1.0053623477936213,10,2.0107246955872435,10,algorithm_data_ordered/1d/boundary_singularity/p4/production_2M/adaptive_force_effective_rho_no_inner_refinement
1d,boundary_singularity,p4,adaptive_g_effective_rho,production_2M,2000000,completed,24339268,1d/boundary_singularity.csv,outer_history.csv,inner_history.csv,42,56,42,42,56,56,56,56,0.98307394840084905,10,1.018008522684184,10,2.0360170453683679,10,algorithm_data_ordered/1d/boundary_singularity/p4/production_2M/adaptive_g_effective_rho
1d,boundary_singularity,p4,uniform_standard,production_2M,2000000,completed,24339269,1d/boundary_singularity.csv,outer_history.csv,inner_history.csv,8,8,8,8,0,8,8,8,0.26201556225070088,8,0.26202582461177276,8,0.52405164922354563,8,algorithm_data_ordered/1d/boundary_singularity/p4/production_2M/uniform_standard
1d,non_matching_initial,p1,adaptive_force_effective_rho_no_inner_refinement,production_4M,4000000,completed,24332824,1d/non_matching_initial.csv,outer_history.csv,inner_history.csv,44,44,44,44,44,44,44,44,0.4540798252100347,10,0.42068108767086865,10,0.8413621753417373,10,algorithm_data_ordered/1d/non_matching_initial/p1/production_4M/adaptive_force_effective_rho_no_inner_refinement
1d,non_matching_initial,p1,adaptive_g_effective_rho,production_4M,4000000,completed,24332825,1d/non_matching_initial.csv,outer_history.csv,inner_history.csv,44,48,44,44,48,48,48,48,0.45531431569524444,10,0.43927982167230201,10,0.87855964334460401,10,algorithm_data_ordered/1d/non_matching_initial/p1/production_4M/adaptive_g_effective_rho
1d,non_matching_initial,p1,uniform_standard,production_4M,4000000,completed,24332826,1d/non_matching_initial.csv,outer_history.csv,inner_history.csv,10,10,10,10,0,10,10,10,0.12681964702030316,10,0.13467809578058421,10,0.26935619156116841,10,algorithm_data_ordered/1d/non_matching_initial/p1/production_4M/uniform_standard
1d,non_matching_initial,p2,adaptive_force_effective_rho_no_inner_refinement,production_4M,4000000,completed,24332827,1d/non_matching_initial.csv,outer_history.csv,inner_history.csv,47,47,47,47,47,47,47,47,0.48126700562669456,10,0.46613152524959833,10,0.93226305049919667,10,algorithm_data_ordered/1d/non_matching_initial/p2/production_4M/adaptive_force_effective_rho_no_inner_refinement
1d,non_matching_initial,p2,adaptive_g_effective_rho,production_4M,4000000,completed,24332828,1d/non_matching_initial.csv,outer_history.csv,inner_history.csv,47,47,47,47,47,47,47,47,0.48126700562669456,10,0.46613152524959833,10,0.93226305049919667,10,algorithm_data_ordered/1d/non_matching_initial/p2/production_4M/adaptive_g_effective_rho
1d,non_matching_initial,p2,uniform_standard,production_4M,4000000,completed,24332829,1d/non_matching_initial.csv,outer_history.csv,inner_history.csv,9,9,9,9,0,9,9,9,0.11960024519597826,9,0.11976525286835191,9,0.23953050573670381,9,algorithm_data_ordered/1d/non_matching_initial/p2/production_4M/uniform_standard
1d,non_matching_initial,p3,adaptive_force_effective_rho_no_inner_refinement,production_4M,4000000,completed,24332830,1d/non_matching_initial.csv,outer_history.csv,inner_history.csv,46,46,46,46,46,46,46,46,0.489954644541511,10,0.42849121336898405,10,0.85698242673796809,10,algorithm_data_ordered/1d/non_matching_initial/p3/production_4M/adaptive_force_effective_rho_no_inner_refinement
1d,non_matching_initial,p3,adaptive_g_effective_rho,production_4M,4000000,completed,24332831,1d/non_matching_initial.csv,outer_history.csv,inner_history.csv,46,49,46,46,49,49,49,49,0.49075415294238167,10,0.50163890193055993,10,1.0032778038611199,10,algorithm_data_ordered/1d/non_matching_initial/p3/production_4M/adaptive_g_effective_rho
1d,non_matching_initial,p3,uniform_standard,production_4M,4000000,completed,24332832,1d/non_matching_initial.csv,outer_history.csv,inner_history.csv,9,9,9,9,0,9,9,9,0.12110985946653997,9,0.12113986000032625,9,0.24227972000065251,9,algorithm_data_ordered/1d/non_matching_initial/p3/production_4M/uniform_standard
1d,non_matching_initial,p4,adaptive_force_effective_rho_no_inner_refinement,production_2M,2000000,completed,24339270,1d/non_matching_initial.csv,outer_history.csv,inner_history.csv,42,42,42,42,42,42,42,42,0.5062151508733238,10,0.46921617900953461,10,0.93843235801906921,10,algorithm_data_ordered/1d/non_matching_initial/p4/production_2M/adaptive_force_effective_rho_no_inner_refinement
1d,non_matching_initial,p4,adaptive_g_effective_rho,production_2M,2000000,completed,24339271,1d/non_matching_initial.csv,outer_history.csv,inner_history.csv,42,43,42,42,43,43,43,43,0.48622542621804399,10,0.52039935058972564,10,1.0407987011794515,10,algorithm_data_ordered/1d/non_matching_initial/p4/production_2M/adaptive_g_effective_rho
1d,non_matching_initial,p4,uniform_standard,production_2M,2000000,completed,24339272,1d/non_matching_initial.csv,outer_history.csv,inner_history.csv,8,8,8,8,0,8,8,8,0.12312197429632069,8,0.12313159396839393,8,0.24626318793678786,8,algorithm_data_ordered/1d/non_matching_initial/p4/production_2M/uniform_standard
1d,smooth_initial,p1,adaptive_force_effective_rho_no_inner_refinement,production_4M,4000000,completed,24332787,1d/smooth_initial.csv,outer_history.csv,inner_history.csv,46,46,46,46,46,46,46,46,0.6405053735815055,10,0.52063800293066775,10,1.0412760058613355,10,algorithm_data_ordered/1d/smooth_initial/p1/production_4M/adaptive_force_effective_rho_no_inner_refinement
1d,smooth_initial,p1,adaptive_g_effective_rho,production_4M,4000000,completed,24339161,1d/smooth_initial.csv,outer_history.csv,inner_history.csv,42,73,42,42,73,73,73,73,0.57382966658974233,10,0.54198610609408648,10,1.0839722121881727,10,algorithm_data_ordered/1d/smooth_initial/p1/production_4M/adaptive_g_effective_rho
1d,smooth_initial,p1,adaptive_standard,production_2M,2000000,completed,24330389,1d/smooth_initial.csv,outer_history.csv,inner_history.csv,39,64,39,39,0,64,64,64,0.53140523752733204,10,0.55520573319515099,10,1.1104114663903017,10,algorithm_data_ordered/1d/smooth_initial/p1/production_2M/adaptive_standard
1d,smooth_initial,p1,uniform_standard,production_4M,4000000,completed,24332789,1d/smooth_initial.csv,outer_history.csv,inner_history.csv,10,10,10,10,0,10,10,10,0.47495045522680046,10,0.46942513490271176,10,0.93885026980542352,10,algorithm_data_ordered/1d/smooth_initial/p1/production_4M/uniform_standard
1d,smooth_initial,p2,adaptive_force_effective_rho_no_inner_refinement,production_4M,4000000,completed,24332790,1d/smooth_initial.csv,outer_history.csv,inner_history.csv,42,42,42,42,42,42,42,42,1.1846607284285871,10,1.0047501806278796,10,2.0095003612557591,10,algorithm_data_ordered/1d/smooth_initial/p2/production_4M/adaptive_force_effective_rho_no_inner_refinement
1d,smooth_initial,p2,adaptive_g_effective_rho,production_4M,4000000,completed,24332791,1d/smooth_initial.csv,outer_history.csv,inner_history.csv,40,78,40,40,78,78,78,78,1.0694170733063151,10,1.0657074417403871,10,2.1314148834807742,10,algorithm_data_ordered/1d/smooth_initial/p2/production_4M/adaptive_g_effective_rho
1d,smooth_initial,p2,adaptive_standard,production_2M,2000000,completed,24330393,1d/smooth_initial.csv,outer_history.csv,inner_history.csv,37,64,37,37,0,64,64,64,1.0825873161391493,10,1.0863919295483855,10,2.172783859096771,10,algorithm_data_ordered/1d/smooth_initial/p2/production_2M/adaptive_standard
1d,smooth_initial,p2,uniform_standard,production_4M,4000000,completed,24332792,1d/smooth_initial.csv,outer_history.csv,inner_history.csv,9,9,9,9,0,9,9,9,0.95222380945944862,9,0.95307986076719253,9,1.9061597215343851,9,algorithm_data_ordered/1d/smooth_initial/p2/production_4M/uniform_standard
1d,smooth_initial,p3,adaptive_force_effective_rho_no_inner_refinement,production_4M,4000000,completed,24332793,1d/smooth_initial.csv,outer_history.csv,inner_history.csv,44,44,44,44,44,44,44,44,1.6790568128476784,10,1.5372363240870892,10,3.0744726481741784,10,algorithm_data_ordered/1d/smooth_initial/p3/production_4M/adaptive_force_effective_rho_no_inner_refinement
1d,smooth_initial,p3,adaptive_g_effective_rho,production_4M,4000000,completed,24332794,1d/smooth_initial.csv,outer_history.csv,inner_history.csv,42,94,42,42,94,94,94,94,1.6140272538940923,10,1.6140272538940923,10,3.2280545077881846,10,algorithm_data_ordered/1d/smooth_initial/p3/production_4M/adaptive_g_effective_rho
1d,smooth_initial,p3,adaptive_standard,production_2M,2000000,completed,24330396,1d/smooth_initial.csv,outer_history.csv,inner_history.csv,40,82,40,40,0,82,82,82,1.6424960075735657,10,1.6424960075735657,10,3.2849920151471315,10,algorithm_data_ordered/1d/smooth_initial/p3/production_2M/adaptive_standard
1d,smooth_initial,p3,uniform_standard,production_4M,4000000,completed,24332795,1d/smooth_initial.csv,outer_history.csv,inner_history.csv,9,9,9,9,0,9,9,9,1.4431706442995915,9,1.4062624775585493,9,2.8125249551170985,9,algorithm_data_ordered/1d/smooth_initial/p3/production_4M/uniform_standard
1d,smooth_initial,p4,adaptive_force_effective_rho_no_inner_refinement,production_2M,2000000,completed,24339273,1d/smooth_initial.csv,outer_history.csv,inner_history.csv,44,44,44,44,44,44,44,44,1.6708094088293155,10,0.26660168174565407,10,0.53320336349130815,10,algorithm_data_ordered/1d/smooth_initial/p4/production_2M/adaptive_force_effective_rho_no_inner_refinement
1d,smooth_initial,p4,adaptive_g_effective_rho,production_2M,2000000,completed,24339274,1d/smooth_initial.csv,outer_history.csv,inner_history.csv,38,65,38,38,65,65,65,65,2.0742577897343071,10,2.0742577897343071,10,4.1485155794686142,10,algorithm_data_ordered/1d/smooth_initial/p4/production_2M/adaptive_g_effective_rho
1d,smooth_initial,p4,uniform_standard,production_2M,2000000,completed,24339275,1d/smooth_initial.csv,outer_history.csv,inner_history.csv,8,8,8,8,0,8,8,8,1.9209996416821604,8,1.8636396251441669,8,3.7272792502883338,8,algorithm_data_ordered/1d/smooth_initial/p4/production_2M/uniform_standard
2d,boundary_singularity,p1,adaptive_force_effective_rho_no_inner_refinement,production_2M,2000000,completed,24339162,2d/boundary_singularity.csv,outer_history.csv,inner_history.csv,43,43,43,43,43,43,43,43,0.39435745003690781,10,0.35315959790043128,10,0.70631919580086255,10,algorithm_data_ordered/2d/boundary_singularity/p1/production_2M/adaptive_force_effective_rho_no_inner_refinement
2d,boundary_singularity,p1,adaptive_g_effective_rho,production_2M,2000000,completed,24357997,2d/boundary_singularity.csv,outer_history.csv,inner_history.csv,43,45,43,43,45,45,45,45,0.36277376786699195,10,0.35502414654050191,10,0.71004829308100403,10,algorithm_data_ordered/2d/boundary_singularity/p1/production_2M/adaptive_g_effective_rho
2d,boundary_singularity,p1,uniform_standard,production_2M,2000000,completed,24339164,2d/boundary_singularity.csv,outer_history.csv,inner_history.csv,7,7,7,7,0,7,7,7,0.19747113145516712,7,0.19563061820818456,7,0.39126123641636912,7,algorithm_data_ordered/2d/boundary_singularity/p1/production_2M/uniform_standard
2d,boundary_singularity,p2,adaptive_force_effective_rho_no_inner_refinement,production_2M,2000000,completed,24339165,2d/boundary_singularity.csv,outer_history.csv,inner_history.csv,36,36,36,36,36,36,36,36,0.46187086961036816,10,0.45059250829449998,10,0.90118501658899997,10,algorithm_data_ordered/2d/boundary_singularity/p2/production_2M/adaptive_force_effective_rho_no_inner_refinement
2d,boundary_singularity,p2,adaptive_g_effective_rho,production_2M,2000000,completed,24339166,2d/boundary_singularity.csv,outer_history.csv,inner_history.csv,36,36,36,36,36,36,36,36,0.46187086961036816,10,0.45059250829449998,10,0.90118501658899997,10,algorithm_data_ordered/2d/boundary_singularity/p2/production_2M/adaptive_g_effective_rho
2d,boundary_singularity,p2,uniform_standard,production_2M,2000000,completed,24339167,2d/boundary_singularity.csv,outer_history.csv,inner_history.csv,6,6,6,6,0,6,6,6,0.30551670787648672,6,0.30579124726004786,6,0.61158249452009572,6,algorithm_data_ordered/2d/boundary_singularity/p2/production_2M/uniform_standard
2d,boundary_singularity,p3,adaptive_force_effective_rho_no_inner_refinement,production_2M,2000000,completed,24339168,2d/boundary_singularity.csv,outer_history.csv,inner_history.csv,31,31,31,31,31,31,31,31,0.45527787354996957,10,0.43711273054504263,10,0.87422546109008525,10,algorithm_data_ordered/2d/boundary_singularity/p3/production_2M/adaptive_force_effective_rho_no_inner_refinement
2d,boundary_singularity,p3,adaptive_g_effective_rho,production_2M,2000000,completed,24339169,2d/boundary_singularity.csv,outer_history.csv,inner_history.csv,31,31,31,31,31,31,31,31,0.45527787354996957,10,0.43711273054504263,10,0.87422546109008525,10,algorithm_data_ordered/2d/boundary_singularity/p3/production_2M/adaptive_g_effective_rho
2d,boundary_singularity,p3,uniform_standard,production_2M,2000000,completed,24339170,2d/boundary_singularity.csv,outer_history.csv,inner_history.csv,5,5,5,5,0,5,5,5,0.34510407403434851,5,0.34513182237596146,5,0.69026364475192292,5,algorithm_data_ordered/2d/boundary_singularity/p3/production_2M/uniform_standard
2d,non_matching_initial,p1,adaptive_force_effective_rho_no_inner_refinement,production_2M,2000000,completed,24339171,2d/non_matching_initial.csv,outer_history.csv,inner_history.csv,39,39,39,39,39,39,39,39,0.15312917442464211,10,0.13935275842382627,10,0.27870551684765255,10,algorithm_data_ordered/2d/non_matching_initial/p1/production_2M/adaptive_force_effective_rho_no_inner_refinement
2d,non_matching_initial,p1,adaptive_g_effective_rho,production_2M,2000000,completed,24339172,2d/non_matching_initial.csv,outer_history.csv,inner_history.csv,39,39,39,39,39,39,39,39,0.15312917442464211,10,0.13935275842382627,10,0.27870551684765255,10,algorithm_data_ordered/2d/non_matching_initial/p1/production_2M/adaptive_g_effective_rho
2d,non_matching_initial,p1,uniform_standard,production_2M,2000000,completed,24339173,2d/non_matching_initial.csv,outer_history.csv,inner_history.csv,7,7,7,7,0,7,7,7,0.073022568891944126,7,0.073026031017869988,7,0.14605206203574,7,algorithm_data_ordered/2d/non_matching_initial/p1/production_2M/uniform_standard
2d,non_matching_initial,p2,adaptive_force_effective_rho_no_inner_refinement,production_2M,2000000,completed,24339174,2d/non_matching_initial.csv,outer_history.csv,inner_history.csv,32,32,32,32,32,32,32,32,0.13314439418976431,10,0.12536555498924806,10,0.25073110997849629,10,algorithm_data_ordered/2d/non_matching_initial/p2/production_2M/adaptive_force_effective_rho_no_inner_refinement
2d,non_matching_initial,p2,adaptive_g_effective_rho,production_2M,2000000,completed,24339175,2d/non_matching_initial.csv,outer_history.csv,inner_history.csv,32,32,32,32,32,32,32,32,0.13313851087968875,10,0.12536048307987568,10,0.25072096615975148,10,algorithm_data_ordered/2d/non_matching_initial/p2/production_2M/adaptive_g_effective_rho
2d,non_matching_initial,p2,uniform_standard,production_2M,2000000,completed,24339177,2d/non_matching_initial.csv,outer_history.csv,inner_history.csv,6,6,6,6,0,6,6,6,0.082461881594117131,6,0.08260827478758663,6,0.16521654957517323,6,algorithm_data_ordered/2d/non_matching_initial/p2/production_2M/uniform_standard
2d,non_matching_initial,p3,adaptive_force_effective_rho_no_inner_refinement,production_2M,2000000,completed,24339178,2d/non_matching_initial.csv,outer_history.csv,inner_history.csv,30,30,30,30,30,30,30,30,0.13952164684844651,10,0.13206282928760546,10,0.26412565857521081,10,algorithm_data_ordered/2d/non_matching_initial/p3/production_2M/adaptive_force_effective_rho_no_inner_refinement
2d,non_matching_initial,p3,adaptive_g_effective_rho,production_2M,2000000,completed,24339179,2d/non_matching_initial.csv,outer_history.csv,inner_history.csv,30,30,30,30,30,30,30,30,0.13952164684844651,10,0.13206282928760546,10,0.26412565857521081,10,algorithm_data_ordered/2d/non_matching_initial/p3/production_2M/adaptive_g_effective_rho
2d,non_matching_initial,p3,uniform_standard,production_2M,2000000,completed,24339180,2d/non_matching_initial.csv,outer_history.csv,inner_history.csv,5,5,5,5,0,5,5,5,0.081603448449333094,5,0.081612432369123925,5,0.16322486473824793,5,algorithm_data_ordered/2d/non_matching_initial/p3/production_2M/uniform_standard
2d,smooth_initial,p1,adaptive_force_effective_rho_no_inner_refinement,production_2M,2000000,completed,24352661,2d/smooth_initial.csv,outer_history.csv,inner_history.csv,45,45,45,45,45,45,45,45,0.49348169074875142,10,0.35918908177647457,10,0.71837816355294914,10,algorithm_data_ordered/2d/smooth_initial/p1/production_2M/adaptive_force_effective_rho_no_inner_refinement
2d,smooth_initial,p1,adaptive_g_effective_rho,production_2M,2000000,completed,24352662,2d/smooth_initial.csv,outer_history.csv,inner_history.csv,44,50,44,44,50,50,50,50,0.36944213169017243,10,0.35651427857384205,10,0.71302855714768409,10,algorithm_data_ordered/2d/smooth_initial/p1/production_2M/adaptive_g_effective_rho
2d,smooth_initial,p1,adaptive_standard,pilot_500k,500000,completed,24330376,2d/smooth_initial.csv,outer_history.csv,inner_history.csv,38,39,38,38,0,39,39,39,0.35871450380489722,10,0.36345717827835228,10,0.72691435655670456,10,algorithm_data_ordered/2d/smooth_initial/p1/pilot_500k/adaptive_standard
2d,smooth_initial,p1,uniform_standard,production_2M,2000000,completed,24332864,2d/smooth_initial.csv,outer_history.csv,inner_history.csv,7,7,7,7,0,7,7,7,0.21024487550150631,7,0.20753807911331398,7,0.41507615822662797,7,algorithm_data_ordered/2d/smooth_initial/p1/production_2M/uniform_standard
2d,smooth_initial,p2,adaptive_force_effective_rho_no_inner_refinement,production_2M,2000000,completed,24332865,2d/smooth_initial.csv,outer_history.csv,inner_history.csv,38,38,38,38,38,38,38,38,0.74635425969597291,10,0.67240277846265495,10,1.3448055569253095,10,algorithm_data_ordered/2d/smooth_initial/p2/production_2M/adaptive_force_effective_rho_no_inner_refinement
2d,smooth_initial,p2,adaptive_g_effective_rho,production_2M,2000000,completed,24332866,2d/smooth_initial.csv,outer_history.csv,inner_history.csv,38,38,38,38,38,38,38,38,0.74497615525415539,10,0.67346343382828411,10,1.346926867656568,10,algorithm_data_ordered/2d/smooth_initial/p2/production_2M/adaptive_g_effective_rho
2d,smooth_initial,p2,adaptive_standard,pilot_500k,500000,completed,24330370,2d/smooth_initial.csv,outer_history.csv,inner_history.csv,32,32,32,32,0,32,32,32,0.78575373071115162,10,0.74171039174604447,10,1.4834207834920889,10,algorithm_data_ordered/2d/smooth_initial/p2/pilot_500k/adaptive_standard
2d,smooth_initial,p2,uniform_standard,production_2M,2000000,completed,24332867,2d/smooth_initial.csv,outer_history.csv,inner_history.csv,6,6,6,6,0,6,6,6,0.40141177792290145,6,0.40163014227635602,6,0.80326028455271203,6,algorithm_data_ordered/2d/smooth_initial/p2/production_2M/uniform_standard
2d,smooth_initial,p3,adaptive_force_effective_rho_no_inner_refinement,production_2M,2000000,completed,24332868,2d/smooth_initial.csv,outer_history.csv,inner_history.csv,38,38,38,38,38,38,38,38,1.1342730471038103,10,1.0864490731099787,10,2.172898146219957,10,algorithm_data_ordered/2d/smooth_initial/p3/production_2M/adaptive_force_effective_rho_no_inner_refinement
2d,smooth_initial,p3,adaptive_g_effective_rho,production_2M,2000000,completed,24332869,2d/smooth_initial.csv,outer_history.csv,inner_history.csv,38,38,38,38,38,38,38,38,1.1342730471038103,10,1.0864490731099787,10,2.172898146219957,10,algorithm_data_ordered/2d/smooth_initial/p3/production_2M/adaptive_g_effective_rho
2d,smooth_initial,p3,adaptive_standard,pilot_500k,500000,completed,24330373,2d/smooth_initial.csv,outer_history.csv,inner_history.csv,31,31,31,31,0,31,31,31,0.92634352436561118,10,0.91819908242078163,10,1.8363981648415633,10,algorithm_data_ordered/2d/smooth_initial/p3/pilot_500k/adaptive_standard
2d,smooth_initial,p3,uniform_standard,production_2M,2000000,completed,24332870,2d/smooth_initial.csv,outer_history.csv,inner_history.csv,5,5,5,5,0,5,5,5,0.56116108146864019,5,0.56118836989904086,5,1.1223767397980817,5,algorithm_data_ordered/2d/smooth_initial/p3/production_2M/uniform_standard
